model,MAE ↓%,RMSE ↓%
HistGBM,97.99929357851522,98.02021476047165
XGBoost,97.87892659903001,97.89185923262505
LightGBM,97.97439337834295,98.00965561503229
LSTM,95.72880667462584,95.68029600280565
